DigitalBack,IQ280,GP001451
DigitalBack,P65+,EJ031880
DigitalBack,P65+,EJ040151
DigitalBack,P65+,EJ040103
CameraBody,645Df+,PX001341
CameraBody,645Df+,PX003268
CameraBody,645Df+,PX004191
CameraBody,XF,XF1
CameraBody,XF,XF2
CameraBody,RCam,RC1421409.20
CameraBody,RCam,RC13885315
CameraBody,RCam,RC13885307
Lens,120mm f4 AF Lenses,PR001725
Lens,120mm f4 AF Lenses,PR001595
Lens,120mm f4 AF Lenses,PR001128
Lens,80mm f2.8 AF Lenses,PB002305
Lens,80mm f2.8 AF Lenses,PB002339
Lens,80mm f2.8 AF Lenses,PB002470
Lens,RCam 72mm,72A
Lens,RCam 72mm,72B
Lens,RCam 72mm,72C
Lens,RCam 120mm,120A
Lens,RCam 120mm,120B
Scanner,Epson Expression 11000XL,E1
Scanner,Epson Perfection 4870 Photo,P1
Scanner,Cruse,C1
Scanner,Flatbed,F1
Scanner,Multispectral,M1
